{
  "Author": "",
  "Name": "Cross-Divisional Project Database",
  "Id": "CrossDivProjectDB",
  "FileID": "",
  "LocaleID": 1033,
  "LocalDatabaseReferences": {},
  "InstrumentationKey": "",
  "LibraryDependencies": "[]",
  "DocumentLayoutWidth": 1920,
  "DocumentLayoutHeight": 1080,
  "DocumentLayoutOrientation": "landscape",
  "DocumentLayoutMaintainAspectRatio": true,
  "DocumentLayoutScaleToFit": true,
  "DocumentLayoutLockOrientation": false,
  "DocumentAppType": "DesktopOrTablet",
  "ContainsThirdPartyPcfControls": false,
  "DefaultConnectedDataSourceMaxGetRowsCount": 500,
  "DocumentLayoutBreakpointWidth": 600,
  "EnabledFeatures": [],
  "AppCreationSource": "PowerAppsPortal",
  "AppDescription": "Cross-Divisional Project Database Intake - Multi-project submission system with security feature tracking, autosave, and admin dashboard.",
  "AppPreviewFlagsKey": [],
  "OriginatingVersion": "1.539",
  "DelayLoadScreens": true,
  "ErrorNotificationEnabled": true
}
